%time,field.header.seq,field.header.stamp,field.header.frame_id,field.Latitude,field.Longitude,field.Altitude,field.UTM_Easting,field.UTM_Northing,field.Zone,field.Letter
1698455283308609125,1,1698455283306666851,GPS1_Frame,42.27364333333333,-71.03047666666666,13.3,332559.7379555665,4682155.4604025,19,T
1698455284307095731,2,1698455284305435419,GPS1_Frame,42.27364833333333,-71.03048166666667,13.3,332559.3388621078,4682156.025440655,19,T
1698455285309292401,3,1698455285306813716,GPS1_Frame,42.273663333333324,-71.030495,13.3,332558.27902685443,4682157.717277386,19,T
1698455286308433766,4,1698455286305732727,GPS1_Frame,42.27368666666666,-71.03051,13.5,332557.10381585354,4682160.337733169,19,T
1698455287309962134,5,1698455287306645154,GPS1_Frame,42.273720000000004,-71.03051,13.7,332557.19208953413,4682164.039097027,19,T
1698455288307231452,6,1698455288304395675,GPS1_Frame,42.27375666666667,-71.03048833333334,14.0,332559.07596946147,4682168.067984657,19,T
1698455289305445222,7,1698455289304198741,GPS1_Frame,42.273795,-71.03045166666668,14.1,332562.2012609426,4682172.252440474,19,T
1698455290311119686,8,1698455290308833837,GPS1_Frame,42.27383666666666,-71.03040666666668,14.0,332566.02259754634,4682176.790645226,19,T
1698455291308713669,9,1698455291306087732,GPS1_Frame,42.273876666666666,-71.03036166666668,14.0,332569.83951595746,4682181.143783751,19,T
1698455292311564561,10,1698455292307608366,GPS1_Frame,42.27391333333333,-71.03031666666668,14.0,332573.64760317793,4682185.12678785,19,T
1698455293342466941,11,1698455293339995622,GPS1_Frame,42.273946666666674,-71.03027833333334,14.0,332576.8970833423,4682188.752767657,19,T
1698455294310073211,12,1698455294307533264,GPS1_Frame,42.273975,-71.03024666666667,14.0,332579.58354466956,4682191.836654232,19,T
1698455295308344904,13,1698455295305871009,GPS1_Frame,42.27399666666667,-71.03022166666666,14.1,332581.70257542527,4682194.193378766,19,T
1698455296313601557,14,1698455296311303377,GPS1_Frame,42.274013333333336,-71.030205,14.2,332583.12114588264,4682196.01128639,19,T
1698455297308549664,15,1698455297306548833,GPS1_Frame,42.27402166666668,-71.030195,14.2,332583.96787478845,4682196.916962896,19,T
1698455298309928729,16,1698455298307749748,GPS1_Frame,42.274031666666666,-71.03018,14.2,332585.23134825355,4682197.997875537,19,T
1698455299305042148,17,1698455299304372549,GPS1_Frame,42.27405333333333,-71.03014833333333,14.2,332587.9001508327,4682200.341492341,19,T
1698455300323771636,18,1698455300321782827,GPS1_Frame,42.27410666666666,-71.03010166666667,14.6,332591.88978983567,4682206.17191049,19,T
1698455301305246674,19,1698455301303103923,GPS1_Frame,42.27416166666667,-71.03004166666666,14.8,332596.98338432366,4682212.1611816,19,T
1698455302307004927,20,1698455302304494619,GPS1_Frame,42.274215000000005,-71.02997666666667,15.2,332602.4848883198,4682217.955556828,19,T
1698455303305124928,21,1698455303303295850,GPS1_Frame,42.274271666666664,-71.029905,15.8,332608.54498184845,4682224.106964773,19,T
1698455304307898267,22,1698455304304948329,GPS1_Frame,42.27432833333334,-71.02982999999999,16.5,332614.8799514631,4682230.251824054,19,T
1698455305308896910,23,1698455305307386159,GPS1_Frame,42.27438666666667,-71.02974999999999,17.1,332621.6316516567,4682236.571926908,19,T
1698455306310023268,24,1698455306307682275,GPS1_Frame,42.274438333333336,-71.02967833333334,17.6,332627.6784769601,4682242.168145988,19,T
1698455307316183105,25,1698455307312230587,GPS1_Frame,42.274475,-71.02962333333333,18.0,332632.3111571044,4682246.131520942,19,T
1698455308307505742,26,1698455308305889844,GPS1_Frame,42.274498333333334,-71.02958833333334,18.2,332635.25922357175,4682248.653670166,19,T
1698455309308447828,27,1698455309304754734,GPS1_Frame,42.27451333333333,-71.02956666666667,18.4,332637.08568661066,4682250.276690632,19,T
1698455310307587437,28,1698455310305893659,GPS1_Frame,42.27452166666667,-71.02955333333333,18.4,332638.2072879309,4682251.175820574,19,T
1698455311309840649,29,1698455311308275938,GPS1_Frame,42.274525,-71.02954833333334,18.5,332638.6284398093,4682251.536127871,19,T
1698455312308951989,30,1698455312306549787,GPS1_Frame,42.274525,-71.02954666666666,18.4,332638.76588265505,4682251.532851506,19,T
1698455313326027508,31,1698455313323534488,GPS1_Frame,42.274525,-71.02954666666666,18.4,332638.76588265505,4682251.532851506,19,T
1698455314309071520,32,1698455314307601928,GPS1_Frame,42.274525,-71.02954666666666,18.4,332638.76588265505,4682251.532851506,19,T
1698455315309325248,33,1698455315308258295,GPS1_Frame,42.274525,-71.02954666666666,18.4,332638.76588265505,4682251.532851506,19,T
1698455316309300994,34,1698455316307160615,GPS1_Frame,42.274525,-71.02954666666666,18.4,332638.76588265505,4682251.532851506,19,T
1698455317309724208,35,1698455317306963682,GPS1_Frame,42.274525,-71.02954666666666,18.4,332638.76588265505,4682251.532851506,19,T
1698455318311326799,36,1698455318308017969,GPS1_Frame,42.274525,-71.02954666666666,18.5,332638.76588265505,4682251.532851506,19,T
1698455319310045631,37,1698455319307596683,GPS1_Frame,42.274525,-71.02954666666666,18.5,332638.76588265505,4682251.532851506,19,T
1698455320308671278,38,1698455320306231975,GPS1_Frame,42.274525,-71.02954500000001,18.4,332638.9033254967,4682251.529575143,19,T
1698455321311021924,39,1698455321308012247,GPS1_Frame,42.27453166666666,-71.02953000000001,18.4,332640.1579575887,4682252.24036082,19,T
1698455322307062172,40,1698455322305875778,GPS1_Frame,42.27455166666667,-71.02949833333334,18.5,332642.8223100065,4682254.398929361,19,T
1698455323356532203,41,1698455323354852914,GPS1_Frame,42.27458166666667,-71.02945333333334,18.6,332646.6126714834,4682257.641698311,19,T
1698455324312157300,42,1698455324309353113,GPS1_Frame,42.27462166666666,-71.02939333333333,18.7,332651.66648136196,4682261.965393293,19,T
1698455325308627541,43,1698455325307734012,GPS1_Frame,42.27466833333333,-71.02932166666666,18.8,332657.70002757467,4682267.006432509,19,T
1698455326310121481,44,1698455326307572126,GPS1_Frame,42.274723333333334,-71.02924,18.7,332664.58027475013,4682272.9531624615,19,T
1698455327309461108,45,1698455327307703733,GPS1_Frame,42.27478333333333,-71.02915166666666,18.7,332672.0235119474,4682279.442000559,19,T
1698455328305223363,46,1698455328304650545,GPS1_Frame,42.274845000000006,-71.02906,18.6,332679.7460303691,4682286.109363258,19,T
1698455329310346786,47,1698455329307598829,GPS1_Frame,42.27491,-71.02896833333332,18.4,332687.47735505406,4682293.14687051,19,T
1698455330310521210,48,1698455330308579921,GPS1_Frame,42.274975,-71.028875,18.2,332695.3461062161,4682300.181110619,19,T
1698455331308219662,49,1698455331307371616,GPS1_Frame,42.275040000000004,-71.02878333333334,18.0,332703.0773999926,4682307.218634298,19,T
1698455332309524424,50,1698455332307920217,GPS1_Frame,42.2751,-71.02869666666668,17.8,332710.38312408875,4682313.710786459,19,T
1698455333312924299,51,1698455333309217214,GPS1_Frame,42.27515666666667,-71.02861833333333,17.6,332716.99280809204,4682319.849183791,19,T
1698455334312143577,52,1698455334309383869,GPS1_Frame,42.27521,-71.02854666666667,17.4,332723.04389620223,4682325.630549642,19,T
1698455335312213579,53,1698455335309069395,GPS1_Frame,42.275259999999996,-71.02847833333334,17.2,332728.811273203,4682331.048333328,19,T
1698455336311643789,54,1698455336308814287,GPS1_Frame,42.275306666666665,-71.028415,17.2,332734.15749948105,4682336.10580873,19,T
1698455337310201846,55,1698455337308274030,GPS1_Frame,42.275351666666666,-71.02835833333333,17.2,332738.94954486005,4682340.9913175935,19,T
1698455338309238098,56,1698455338306751966,GPS1_Frame,42.27539,-71.02830666666667,17.1,332743.31162471673,4682345.146379803,19,T
1698455339307215263,57,1698455339305703878,GPS1_Frame,42.27542333333334,-71.02826333333334,17.0,332746.97326829564,4682348.762611419,19,T
1698455340312390081,58,1698455340308794021,GPS1_Frame,42.27545333333334,-71.02822666666665,16.9,332750.0763271926,4682352.021805364,19,T
1698455341309527972,59,1698455341308460474,GPS1_Frame,42.27547666666666,-71.02819666666666,16.8,332752.61198505375,4682354.553824494,19,T
1698455342309994466,60,1698455342307827711,GPS1_Frame,42.27549333333333,-71.02817499999999,16.7,332754.44280252495,4682356.361942384,19,T
1698455343307827791,61,1698455343306491851,GPS1_Frame,42.27550666666666,-71.02816,16.6,332755.7150388566,4682357.813020809,19,T
1698455344310387249,62,1698455344308439731,GPS1_Frame,42.27551333333334,-71.02815166666666,16.5,332756.41987717064,4682358.536923045,19,T
1698455345310029015,63,1698455345309161663,GPS1_Frame,42.275515,-71.02815000000001,16.6,332756.5617265561,4682358.718717142,19,T
1698455346308570416,64,1698455346307026147,GPS1_Frame,42.275515,-71.02815000000001,16.6,332756.5617265561,4682358.718717142,19,T
1698455347310310914,65,1698455347308575153,GPS1_Frame,42.275515,-71.02815000000001,16.6,332756.5617265561,4682358.718717142,19,T
1698455348307525224,66,1698455348306293010,GPS1_Frame,42.275515,-71.02815000000001,16.6,332756.5617265561,4682358.718717142,19,T
1698455349316086070,67,1698455349312815904,GPS1_Frame,42.275515,-71.02815000000001,16.6,332756.5617265561,4682358.718717142,19,T
1698455350312666278,68,1698455350309922933,GPS1_Frame,42.275515,-71.02815000000001,16.6,332756.5617265561,4682358.718717142,19,T
1698455351309229678,69,1698455351306896448,GPS1_Frame,42.275515,-71.02815000000001,16.6,332756.5617265561,4682358.718717142,19,T
1698455352309443933,70,1698455352307129383,GPS1_Frame,42.275515,-71.02815000000001,16.6,332756.5617265561,4682358.718717142,19,T
1698455353341618840,71,1698455353340222358,GPS1_Frame,42.275515,-71.02815000000001,16.6,332756.5617265561,4682358.718717142,19,T
1698455354320367056,72,1698455354308976411,GPS1_Frame,42.275515,-71.02815000000001,16.6,332756.5617265561,4682358.718717142,19,T
1698455355308780626,73,1698455355308063507,GPS1_Frame,42.275515,-71.02815000000001,16.6,332756.5617265561,4682358.718717142,19,T
1698455356310791970,74,1698455356308636188,GPS1_Frame,42.275515,-71.02815000000001,16.6,332756.5617265561,4682358.718717142,19,T
1698455357306842264,75,1698455357306333065,GPS1_Frame,42.275515,-71.02815000000001,16.6,332756.5617265561,4682358.718717142,19,T
1698455358317744676,76,1698455358315024614,GPS1_Frame,42.275515,-71.02815000000001,16.7,332756.5617265561,4682358.718717142,19,T
1698455359312049206,77,1698455359308783292,GPS1_Frame,42.275515,-71.02815000000001,16.7,332756.5617265561,4682358.718717142,19,T
1698455360310896429,78,1698455360309121370,GPS1_Frame,42.275515,-71.02815000000001,16.7,332756.5617265561,4682358.718717142,19,T
1698455361311060345,79,1698455361308626651,GPS1_Frame,42.275515,-71.02815000000001,16.7,332756.5617265561,4682358.718717142,19,T
1698455362308419534,80,1698455362307013750,GPS1_Frame,42.275515,-71.02815000000001,16.7,332756.5617265561,4682358.718717142,19,T
1698455363310851978,81,1698455363309378385,GPS1_Frame,42.275515,-71.02815000000001,16.8,332756.5617265561,4682358.718717142,19,T
1698455364309675546,82,1698455364307273387,GPS1_Frame,42.275515,-71.02815000000001,16.8,332756.5617265561,4682358.718717142,19,T
1698455365328897989,83,1698455365325942277,GPS1_Frame,42.275515,-71.02815000000001,16.8,332756.5617265561,4682358.718717142,19,T
1698455366317270477,84,1698455366314316511,GPS1_Frame,42.27551333333334,-71.02815166666666,17.0,332756.41987717064,4682358.536923045,19,T
1698455367308791114,85,1698455367307979106,GPS1_Frame,42.27551666666667,-71.02815000000001,17.2,332756.5661352599,4682358.903785361,19,T
1698455368314229305,86,1698455368310164928,GPS1_Frame,42.27552166666666,-71.02814,17.2,332757.40400536056,4682359.439345353,19,T
1698455369309602052,87,1698455369308681249,GPS1_Frame,42.27553833333333,-71.02812,17.2,332759.097379729,4682361.250738503,19,T
1698455370309754751,88,1698455370308632850,GPS1_Frame,42.27556333333334,-71.02808833333333,17.1,332761.7748802516,4682363.964554936,19,T
1698455371309900270,89,1698455371308816671,GPS1_Frame,42.27559833333333,-71.028045,17.1,332765.440913253,4682367.765863942,19,T
1698455372314342277,90,1698455372310826301,GPS1_Frame,42.275636666666664,-71.02799666666667,17.0,332769.5280803712,4682371.927489584,19,T
1698455373313655460,91,1698455373309916019,GPS1_Frame,42.27567333333333,-71.027945,17.0,332773.88571510103,4682375.897501686,19,T
1698455374326651438,92,1698455374325792312,GPS1_Frame,42.27569666666667,-71.02788833333334,17.0,332778.62040049594,4682378.377149506,19,T
1698455375310707126,93,1698455375309035301,GPS1_Frame,42.27570000000001,-71.02782333333333,17.0,332783.989387489,4682378.619613793,19,T
1698455376308462092,94,1698455376307200908,GPS1_Frame,42.275681666666664,-71.02776,17.1,332789.16363131045,4682376.4594688155,19,T
1698455377309921889,95,1698455377308407068,GPS1_Frame,42.27564,-71.02769833333333,17.2,332794.13872955635,4682371.711646099,19,T
1698455378312911631,96,1698455378310124397,GPS1_Frame,42.27558333333333,-71.02763666666667,17.3,332799.07416623953,4682365.298213201,19,T
1698455379307676733,97,1698455379306924819,GPS1_Frame,42.27551666666667,-71.02756833333333,17.7,332804.5329301546,4682357.761282083,19,T
1698455380312456112,98,1698455380308959007,GPS1_Frame,42.275443333333335,-71.02749333333333,18.0,332810.5238403558,4682349.470990546,19,T
1698455381309668680,99,1698455381308050870,GPS1_Frame,42.27536666666666,-71.02741333333333,18.4,332816.9182739534,4682340.800749424,19,T
1698455382307187510,100,1698455382306290149,GPS1_Frame,42.275285000000004,-71.02732999999999,18.7,332823.5743854563,4682331.568764494,19,T
1698455383341398396,101,1698455383339801549,GPS1_Frame,42.2752,-71.02724333333335,19.0,332830.49658432486,4682321.960104794,19,T
1698455384313352144,102,1698455384309938192,GPS1_Frame,42.27511333333334,-71.02715333333335,19.2,332837.6892793446,4682312.159839391,19,T
1698455385309127352,103,1698455385308133840,GPS1_Frame,42.27502500000001,-71.02706166666667,19.3,332845.0150305145,4682302.171241522,19,T
1698455386312851400,104,1698455386310716867,GPS1_Frame,42.27493666666666,-71.02696833333333,19.4,332852.47824511304,4682292.179379837,19,T
1698455387309989478,105,1698455387307874917,GPS1_Frame,42.274845000000006,-71.02687333333333,19.5,332860.07011197245,4682281.81411842,19,T
1698455388309264630,106,1698455388307991266,GPS1_Frame,42.27475166666667,-71.02677833333334,19.5,332867.6575963005,4682271.263797828,19,T
1698455389310308808,107,1698455389308712959,GPS1_Frame,42.27466166666667,-71.02668666666666,19.4,332874.9790300137,4682261.09016609,19,T
1698455390311784286,108,1698455390309652566,GPS1_Frame,42.274573333333336,-71.02659833333334,19.4,332882.03000544757,4682251.108154119,19,T
1698455391309105420,109,1698455391307575225,GPS1_Frame,42.27448833333333,-71.026515,19.3,332888.6774830124,4682241.50610067,19,T
1698455392314558194,110,1698455392311861753,GPS1_Frame,42.27441166666667,-71.02643666666667,19.1,332894.934674563,4682232.839209012,19,T
1698455393312159175,111,1698455393310075759,GPS1_Frame,42.27434333333334,-71.02636666666668,18.9,332900.5266895214,4682225.114020392,19,T
1698455394312900889,112,1698455394310764551,GPS1_Frame,42.27428166666667,-71.02630500000001,18.8,332905.44911871164,4682218.145464901,19,T
1698455395311293149,113,1698455395310005187,GPS1_Frame,42.27422833333333,-71.02625166666667,18.7,332909.70636291296,4682212.118609161,19,T
1698455396308418002,114,1698455396307650089,GPS1_Frame,42.274181666666664,-71.02620499999999,18.6,332913.43145779235,4682206.845112722,19,T
1698455397310474571,115,1698455397309524536,GPS1_Frame,42.274136666666664,-71.02616166666667,18.6,332916.88607538503,4682201.763228394,19,T
1698455398317097694,116,1698455398316287040,GPS1_Frame,42.274095,-71.02612166666667,18.4,332920.07461898506,4682197.058023903,19,T
1698455399310601618,117,1698455399308421611,GPS1_Frame,42.274058333333336,-71.026085,18.4,332923.0014915931,4682192.914567,19,T
1698455400312503495,118,1698455400309711694,GPS1_Frame,42.27402666666667,-71.02605333333332,18.2,332925.52924808057,4682189.336128031,19,T
1698455401309504824,119,1698455401308599948,GPS1_Frame,42.273999999999994,-71.02602666666667,18.0,332927.65788718965,4682186.322706517,19,T
1698455402309478018,120,1698455402308893203,GPS1_Frame,42.27397666666668,-71.026005,17.9,332929.38300395384,4682183.689233911,19,T
1698455403317591643,121,1698455403316687583,GPS1_Frame,42.27395833333333,-71.02598833333333,17.9,332930.70900148654,4682181.620778037,19,T
1698455404310236127,122,1698455404308923721,GPS1_Frame,42.273946666666674,-71.025975,17.8,332931.7777270056,4682180.29913621,19,T
1698455405311513004,123,1698455405309068918,GPS1_Frame,42.273939999999996,-71.02597,17.7,332932.17244392005,4682179.549051863,19,T
1698455406309495239,124,1698455406308587551,GPS1_Frame,42.27393833333334,-71.02597,17.7,332932.16804009397,4682179.363983715,19,T
1698455407310519180,125,1698455407309108257,GPS1_Frame,42.27393833333334,-71.02597,17.6,332932.16804009397,4682179.363983715,19,T
1698455408322645899,126,1698455408318362951,GPS1_Frame,42.27393666666667,-71.02596833333334,17.6,332932.3010803646,4682179.175644988,19,T
1698455409310877394,127,1698455409308574438,GPS1_Frame,42.27393,-71.02596166666667,17.4,332932.8332415166,4682178.42229011,19,T
1698455410311969307,128,1698455410309086799,GPS1_Frame,42.27391833333333,-71.02595,17.3,332933.76452381595,4682177.103919181,19,T
1698455411310831747,129,1698455411309117078,GPS1_Frame,42.273900000000005,-71.02593166666666,17.4,332935.2279681583,4682175.032193712,19,T
1698455412313380827,130,1698455412310053586,GPS1_Frame,42.27388333333333,-71.025915,17.5,332936.55837288173,4682173.14880721,19,T
1698455413345847188,131,1698455413343699693,GPS1_Frame,42.27387,-71.02590333333333,17.6,332937.4852529525,4682171.645368679,19,T
1698455414311673161,132,1698455414310973405,GPS1_Frame,42.27386166666667,-71.025895,17.7,332938.1504558681,4682170.703675632,19,T
1698455415315679783,133,1698455415311090707,GPS1_Frame,42.273853333333335,-71.025885,17.8,332938.9531032435,4682169.758712212,19,T
1698455416308807041,134,1698455416307440757,GPS1_Frame,42.27384,-71.02587166666667,18.0,332940.01742861816,4682168.252003611,19,T
1698455417328649048,135,1698455417327736854,GPS1_Frame,42.27382166666666,-71.02585166666667,18.1,332941.6183211203,4682166.1770091895,19,T
1698455418319879780,136,1698455418317334413,GPS1_Frame,42.2738,-71.02582833333332,18.1,332943.48529635376,4682163.725338177,19,T
1698455419311885649,137,1698455419310076236,GPS1_Frame,42.27378,-71.02580666666667,18.2,332945.2192319459,4682161.462006162,19,T
1698455420310532587,138,1698455420309114933,GPS1_Frame,42.273765000000004,-71.02579166666666,18.2,332946.41660104704,4682159.766960172,19,T
1698455421310986877,139,1698455421309451103,GPS1_Frame,42.273753333333325,-71.02577833333334,18.4,332947.48533302697,4682158.4453209555,19,T
1698455422314297283,140,1698455422310448646,GPS1_Frame,42.27374,-71.02576333333333,18.5,332948.6871065808,4682156.935343533,19,T
1698455423320068750,141,1698455423317436218,GPS1_Frame,42.273721666666674,-71.02574333333334,18.4,332950.2880043719,4682154.860351271,19,T
1698455424329671165,142,1698455424328323125,GPS1_Frame,42.273695,-71.02571666666667,18.3,332952.4166652658,4682151.846938019,19,T
1698455425312598051,143,1698455425311239004,GPS1_Frame,42.27366,-71.02568166666667,18.1,332955.21053555876,4682147.891834205,19,T
1698455426313747364,144,1698455426311841487,GPS1_Frame,42.273624999999996,-71.02564666666667,18.1,332958.00440910686,4682143.936731614,19,T
1698455427309604627,145,1698455427309105157,GPS1_Frame,42.27358833333333,-71.02561,18.0,332960.93132774066,4682139.793292121,19,T
1698455428312878889,146,1698455428310663700,GPS1_Frame,42.27354666666667,-71.02556833333333,18.1,332964.25737598294,4682135.084839784,19,T
1698455429309065588,147,1698455429307692527,GPS1_Frame,42.273496666666674,-71.02551666666666,18.1,332968.38608501066,4682129.431429425,19,T
1698455430308571301,148,1698455430307583332,GPS1_Frame,42.273438333333324,-71.02546000000001,17.8,332972.90512299654,4682122.842871823,19,T
1698455431311527069,149,1698455431310706138,GPS1_Frame,42.273375,-71.02539833333334,17.4,332977.823298075,4682115.689304101,19,T
1698455432310708530,150,1698455432309516191,GPS1_Frame,42.27331000000001,-71.02533,17.1,332983.2868629575,4682108.337593888,19,T
1698455433312768278,151,1698455433310104131,GPS1_Frame,42.273244999999996,-71.02525833333334,16.7,332989.0253308192,4682100.979349485,19,T
1698455434309752052,152,1698455434308938980,GPS1_Frame,42.27318333333333,-71.02517833333333,16.5,332995.4598437884,4682093.974899947,19,T
1698455435311685079,153,1698455435310866117,GPS1_Frame,42.27312666666667,-71.02509666666667,16.3,333002.04502122913,4682087.522391935,19,T
1698455436310160221,154,1698455436309377193,GPS1_Frame,42.27307833333332,-71.02502166666666,16.1,333008.1024354397,4682082.0083072,19,T
1698455437311738239,155,1698455437310475349,GPS1_Frame,42.27303333333332,-71.02495,15.9,333013.89377014374,4682076.870902069,19,T
1698455438316395296,156,1698455438314880847,GPS1_Frame,42.27299166666667,-71.02487833333333,15.8,333019.6939160862,4682072.103638213,19,T
1698455439316157902,157,1698455439313660383,GPS1_Frame,42.27295000000001,-71.02480666666666,15.6,333025.4940698928,4682067.336379408,19,T
1698455440311450997,158,1698455440310241222,GPS1_Frame,42.27291,-71.02473833333333,15.5,333031.0237399679,4682062.760730904,19,T
1698455441313255483,159,1698455441310266256,GPS1_Frame,42.27287333333334,-71.02467333333334,15.4,333036.2873262568,4682058.561760139,19,T
1698455442313382130,160,1698455442310992479,GPS1_Frame,42.27283666666667,-71.02461,15.4,333041.4134723395,4682054.3660618905,19,T
1698455443347674395,161,1698455443345324516,GPS1_Frame,42.272798333333334,-71.02454833333333,15.3,333046.3977773404,4682049.98856775,19,T
1698455444311576395,162,1698455444309715032,GPS1_Frame,42.27276333333332,-71.02449333333334,15.1,333050.84110302094,4682045.9942862475,19,T
1698455445311145495,163,1698455445310155153,GPS1_Frame,42.27273,-71.02444,15.1,333055.1513874584,4682042.188343915,19,T
1698455446312567132,164,1698455446310409545,GPS1_Frame,42.272695000000006,-71.024385,14.9,333059.59472309006,4682038.194068282,19,T
1698455447311818098,165,1698455447310119390,GPS1_Frame,42.272658333333325,-71.02432333333333,14.9,333064.5834510982,4682034.001655894,19,T
1698455448311653842,166,1698455448310294389,GPS1_Frame,42.27262,-71.02425666666666,15.0,333069.9801259008,4682029.614375758,19,T
1698455449312679819,167,1698455449311262369,GPS1_Frame,42.27257833333333,-71.02418833333333,15.0,333075.50545479124,4682024.85369612,19,T
1698455450310230874,168,1698455450308940887,GPS1_Frame,42.272535,-71.02411666666667,15.1,333081.3012857577,4682019.901417846,19,T
1698455451314266269,169,1698455451313167572,GPS1_Frame,42.27249,-71.02404,15.1,333087.50506706967,4682014.754274194,19,T
1698455452308917774,170,1698455452308037281,GPS1_Frame,42.27244333333333,-71.02396,15.5,333093.97935278947,4682009.415533601,19,T
1698455453310258210,171,1698455453308178901,GPS1_Frame,42.272391666666664,-71.02387666666667,15.7,333100.71534577233,4682003.51506069,19,T
1698455454313786675,172,1698455454311783790,GPS1_Frame,42.27233666666666,-71.02378999999999,15.6,333107.7174473108,4681997.237924373,19,T
1698455455310831995,173,1698455455310299396,GPS1_Frame,42.27227833333333,-71.02369833333334,15.6,333115.12310695776,4681990.580858617,19,T
1698455456311802185,174,1698455456310201406,GPS1_Frame,42.27222,-71.02360666666667,15.5,333122.5287806981,4681983.923801135,19,T
1698455457315035281,175,1698455457312680244,GPS1_Frame,42.27216166666667,-71.02351166666668,15.5,333130.2093644064,4681977.260218753,19,T
1698455458316461508,176,1698455458313650846,GPS1_Frame,42.27210333333334,-71.02341500000001,15.4,333138.02741077717,4681970.5933788195,19,T
1698455459312582219,177,1698455459310027599,GPS1_Frame,42.272041666666674,-71.02331666666667,15.2,333145.9741244053,4681963.553145673,19,T
1698455460311919947,178,1698455460310416460,GPS1_Frame,42.27198,-71.02321833333333,15.0,333153.9208540077,4681956.512922046,19,T
1698455461315549284,179,1698455461312733888,GPS1_Frame,42.27191833333333,-71.02311666666667,14.8,333162.1424965178,4681949.466176043,19,T
1698455462311372427,180,1698455462310410976,GPS1_Frame,42.27185666666666,-71.023015,14.8,333170.3641555398,4681942.419440206,19,T
1698455463311873837,181,1698455463310263395,GPS1_Frame,42.271793333333335,-71.02291333333332,14.8,333178.5814340806,4681935.187646486,19,T
1698455464312487819,182,1698455464311708688,GPS1_Frame,42.27172833333334,-71.02280999999999,14.8,333186.93178169546,4681927.767529439,19,T
1698455465313863734,183,1698455465311267375,GPS1_Frame,42.271665,-71.02270666666666,14.7,333195.28654353967,4681920.532490951,19,T
1698455466314805803,184,1698455466312600374,GPS1_Frame,42.27160000000001,-71.02260333333334,14.6,333203.63692632056,4681913.112394927,19,T
1698455467316806168,185,1698455467313399314,GPS1_Frame,42.27153833333333,-71.02250000000001,14.6,333211.99611894414,4681906.062445499,19,T
1698455468331884016,186,1698455468329492568,GPS1_Frame,42.271474999999995,-71.022395,14.5,333220.48838192754,4681898.824173758,19,T
1698455469315082086,187,1698455469313103914,GPS1_Frame,42.271415,-71.02229166666666,14.5,333228.85200408136,4681891.959313542,19,T
1698455470314340363,188,1698455470311742782,GPS1_Frame,42.27135333333334,-71.02218833333333,14.4,333237.21124717104,4681884.909395787,19,T
1698455471309905960,189,1698455471307634592,GPS1_Frame,42.27129166666667,-71.022085,14.4,333245.57050704316,4681877.859488534,19,T
1698455472316797525,190,1698455472313503503,GPS1_Frame,42.27123333333334,-71.02198166666668,14.4,333253.9385735277,4681871.179727837,19,T
1698455473346547126,191,1698455473344884157,GPS1_Frame,42.27117499999999,-71.02188,14.5,333262.169205801,4681864.503241568,19,T
1698455474313338176,192,1698455474311093091,GPS1_Frame,42.271114999999995,-71.02178,14.5,333270.25800901325,4681857.644961209,19,T
1698455475314057804,193,1698455475312871217,GPS1_Frame,42.271055,-71.02168166666667,14.6,333278.2093776957,4681850.789954301,19,T
1698455476312610146,194,1698455476311542510,GPS1_Frame,42.27099333333334,-71.02158166666666,14.6,333286.2938183512,4681843.7466254365,19,T
1698455477331265571,195,1698455477329505443,GPS1_Frame,42.27093166666667,-71.02147666666666,14.8,333294.7906270408,4681836.693516543,19,T
1698455478314510520,196,1698455478312333583,GPS1_Frame,42.270869999999995,-71.02136833333334,14.8,333303.56235423323,4681829.633892266,19,T
1698455479315400395,197,1698455479313302040,GPS1_Frame,42.270805,-71.02125666666667,14.8,333312.6002141208,4681822.197617644,19,T
1698455480315139394,198,1698455480312741994,GPS1_Frame,42.27073666666667,-71.02114333333334,14.7,333321.76675802004,4681814.3879565215,19,T
1698455481310108842,199,1698455481308825254,GPS1_Frame,42.270664999999994,-71.02103000000001,14.4,333330.9245367119,4681806.208172027,19,T
1698455482312822177,200,1698455482311296701,GPS1_Frame,42.27059166666666,-71.02091333333333,14.3,333340.35284692916,4681797.836807437,19,T
1698455483311371376,201,1698455483309254169,GPS1_Frame,42.270516666666666,-71.02079,14.2,333350.32659338333,4681789.26733955,19,T
1698455484313171022,202,1698455484310231208,GPS1_Frame,42.27044166666666,-71.020665,14.3,333360.4378158564,4681780.694624656,19,T
1698455485314071552,203,1698455485312599897,GPS1_Frame,42.27036666666666,-71.02053666666667,14.5,333370.82396665006,4681772.115401606,19,T
1698455486315163293,204,1698455486312562704,GPS1_Frame,42.270291666666665,-71.02041333333334,14.7,333380.7977868377,4681763.545979414,19,T
1698455487311659350,205,1698455487310246944,GPS1_Frame,42.27022,-71.02029333333333,14.7,333390.5055094211,4681755.353230874,19,T
1698455488315858046,206,1698455488312498569,GPS1_Frame,42.270148333333324,-71.02017500000001,14.7,333400.0758023524,4681747.163757664,19,T
1698455489309308031,207,1698455489308367967,GPS1_Frame,42.27007666666667,-71.02005666666668,14.7,333409.64611762145,4681738.974298233,19,T
1698455490311936226,208,1698455490310215711,GPS1_Frame,42.270005000000005,-71.01993666666667,14.7,333419.35390782537,4681730.781591788,19,T
1698455491311506381,209,1698455491310106992,GPS1_Frame,42.269935000000004,-71.01982166666667,14.7,333428.6537525143,4681722.783749258,19,T
1698455492314109081,210,1698455492312115430,GPS1_Frame,42.269866666666665,-71.01970666666666,14.7,333437.958008257,4681714.9709877055,19,T
1698455493313012689,211,1698455493312100648,GPS1_Frame,42.269796666666664,-71.01959333333333,14.8,333447.12044204236,4681706.976431423,19,T
1698455494314514381,212,1698455494312409162,GPS1_Frame,42.269728333333326,-71.01948166666666,14.8,333456.1498328742,4681699.170215786,19,T
1698455495313133877,213,1698455495311830520,GPS1_Frame,42.269661666666664,-71.01937333333333,14.7,333464.9087262235,4681691.555600114,19,T
1698455496310962645,214,1698455496310084104,GPS1_Frame,42.269596666666665,-71.01927,14.4,333473.2596670148,4681684.135843045,19,T
1698455497312457708,215,1698455497310365676,GPS1_Frame,42.26953333333333,-71.01916833333333,14.1,333481.4775605367,4681676.904423973,19,T
1698455498314629512,216,1698455498311737298,GPS1_Frame,42.26947166666667,-71.01906666666667,14.0,333489.6998594446,4681669.858083026,19,T
1698455499313694107,217,1698455499310944795,GPS1_Frame,42.26941,-71.018965,13.9,333497.92217486526,4681662.811752245,19,T
1698455500311810420,218,1698455500310723304,GPS1_Frame,42.26934833333333,-71.01886166666667,13.9,333506.28196081554,4681655.762172588,19,T
1698455501308496252,219,1698455501307606458,GPS1_Frame,42.269285,-71.01875666666666,13.8,333514.7748299612,4681648.524276623,19,T
1698455502319922996,220,1698455502317867755,GPS1_Frame,42.26922,-71.01865,13.7,333523.40078341425,4681641.098064866,19,T
1698455503346333591,221,1698455503344149827,GPS1_Frame,42.269155,-71.01854,13.8,333532.30166399956,4681633.66534726,19,T
1698455504308537774,222,1698455504307486295,GPS1_Frame,42.269090000000006,-71.01843000000001,13.8,333541.2025634071,4681626.232641553,19,T
1698455505314447636,223,1698455505311975717,GPS1_Frame,42.269023333333344,-71.01831999999999,13.8,333550.09909487667,4681618.614879815,19,T
1698455506313444332,224,1698455506311956644,GPS1_Frame,42.26895833333333,-71.01820833333333,13.8,333559.1374870376,4681611.178939919,19,T
1698455507313715103,225,1698455507312269210,GPS1_Frame,42.26889500000001,-71.01810166666668,13.8,333567.7679195695,4681603.937853614,19,T
1698455508315066563,226,1698455508312480449,GPS1_Frame,42.26883333333333,-71.01799833333332,13.9,333576.12784566235,4681596.888361691,19,T
1698455509314612115,227,1698455509313019752,GPS1_Frame,42.268773333333336,-71.0179,13.9,333584.07980855776,4681590.033720617,19,T
1698455510315964554,228,1698455510313818454,GPS1_Frame,42.26871500000001,-71.01780333333333,14.1,333591.898717216,4681583.36741429,19,T
1698455511314095187,229,1698455511312054157,GPS1_Frame,42.26865666666666,-71.01770833333333,14.1,333599.5801852062,4681576.704374324,19,T
1698455512314408364,230,1698455512312405109,GPS1_Frame,42.26859833333333,-71.01761333333334,14.2,333607.2616677928,4681570.041343237,19,T
1698455513314669538,231,1698455513312313079,GPS1_Frame,42.26854166666667,-71.01752333333334,14.2,333614.5351826636,4681563.573159538,19,T
1698455514313388532,232,1698455514312131404,GPS1_Frame,42.26849166666666,-71.01744333333333,14.2,333621.00151490024,4681557.864795806,19,T
1698455515315164939,233,1698455515313559770,GPS1_Frame,42.26844833333333,-71.01737333333334,14.2,333626.6606604151,4681552.916249689,19,T
1698455516314906731,234,1698455516313117742,GPS1_Frame,42.26840666666667,-71.01730833333333,14.2,333631.9118302532,4681548.162545841,19,T
1698455517313879135,235,1698455517312397718,GPS1_Frame,42.268368333333335,-71.017245,14.1,333637.0343198237,4681543.782238361,19,T
1698455518318608891,236,1698455518314792633,GPS1_Frame,42.26833166666667,-71.017185,14.1,333641.88628757786,4681539.59351536,19,T
1698455519333626980,237,1698455519331229209,GPS1_Frame,42.26829833333333,-71.01712833333333,14.1,333646.4721167531,4681535.781444137,19,T
1698455520315302508,238,1698455520313233613,GPS1_Frame,42.26826833333333,-71.01707833333333,14.0,333650.5168934482,4681532.352536426,19,T
1698455521315125320,239,1698455521313416004,GPS1_Frame,42.26824166666667,-71.01703666666667,14.0,333653.8831598072,4681529.310047321,19,T
1698455522313839590,240,1698455522312644004,GPS1_Frame,42.268225,-71.01700666666667,13.8,333656.31353683036,4681527.400759415,19,T
1698455523314348789,241,1698455523313220262,GPS1_Frame,42.268211666666666,-71.01698833333333,13.6,333657.7904873756,4681525.88440012,19,T
1698455524316389404,242,1698455524314244508,GPS1_Frame,42.26820333333333,-71.01697166666666,13.5,333659.1431333419,4681524.926500791,19,T
1698455525315750748,243,1698455525313811779,GPS1_Frame,42.268195,-71.01695833333333,13.5,333660.22086664755,4681523.975113639,19,T
1698455526313188320,244,1698455526310240745,GPS1_Frame,42.268186666666665,-71.016945,13.5,333661.29860024387,4681523.023726661,19,T
1698455527332136260,245,1698455527329384565,GPS1_Frame,42.26818,-71.01693166666668,13.5,333662.3807178052,4681522.257407745,19,T
1698455528321119589,246,1698455528318734645,GPS1_Frame,42.26817166666667,-71.01691666666667,13.7,333663.5959085204,4681521.302765229,19,T
1698455529318406240,247,1698455529316093444,GPS1_Frame,42.26816333333333,-71.01690166666667,13.8,333664.81109956844,4681520.348122934,19,T
1698455530317921271,248,1698455530315127134,GPS1_Frame,42.26815499999999,-71.01688666666668,14.1,333666.0262909412,4681519.393480859,19,T
1698455531316778283,249,1698455531313811302,GPS1_Frame,42.268146666666674,-71.01687,14.4,333667.3789392619,4681518.435583196,19,T
1698455532314348095,250,1698455532312703847,GPS1_Frame,42.268135,-71.01685166666667,14.6,333668.86027759546,4681517.104294253,19,T
1698455533319603761,251,1698455533316181659,GPS1_Frame,42.26812333333334,-71.01683166666666,14.8,333670.4790731603,4681515.769749892,19,T
1698455534316985294,252,1698455534314712762,GPS1_Frame,42.26810833333334,-71.01681,14.9,333672.2265592286,4681514.061814441,19,T
1698455535316913808,253,1698455535314089298,GPS1_Frame,42.26809166666667,-71.01678166666667,15.0,333674.5194897501,4681512.155788883,19,T
1698455536313797864,254,1698455536312960147,GPS1_Frame,42.26807,-71.01674333333334,15.1,333677.6240123905,4681509.67502679,19,T
1698455537317549643,255,1698455537315300941,GPS1_Frame,42.26804333333333,-71.01669666666666,15.2,333681.40267192153,4681506.622784822,19,T
1698455538316704193,256,1698455538314218044,GPS1_Frame,42.26801166666667,-71.01664166666666,15.2,333685.85547013977,4681502.999064126,19,T
1698455539317827320,257,1698455539315074920,GPS1_Frame,42.26797833333333,-71.01658666666667,15.4,333690.30389003403,4681499.190278521,19,T
1698455540318998552,258,1698455540315954208,GPS1_Frame,42.26794666666667,-71.01653666666667,15.5,333694.344326388,4681495.576329568,19,T
1698455541313895696,259,1698455541313207387,GPS1_Frame,42.267916666666665,-71.01649166666667,15.5,333697.97677825065,4681492.157216527,19,T
1698455542312975917,260,1698455542311174869,GPS1_Frame,42.26788166666667,-71.01645333333333,15.4,333701.0462571325,4681488.1959223775,19,T
1698455543317445067,261,1698455543315038204,GPS1_Frame,42.26784666666667,-71.01642666666666,15.6,333703.1535387053,4681484.257415262,19,T
1698455544314869253,262,1698455544312381505,GPS1_Frame,42.26780999999999,-71.01641833333333,15.6,333703.7444094753,4681480.169646678,19,T
1698455545315700539,263,1698455545313830852,GPS1_Frame,42.267770000000006,-71.01643,15.6,333702.6770269009,4681475.750803403,19,T
1698455546316181096,264,1698455546313414812,GPS1_Frame,42.26773166666667,-71.016455,15.7,333700.5143656188,4681471.543069143,19,T
1698455547318627914,265,1698455547315003633,GPS1_Frame,42.267691666666664,-71.01649,15.9,333697.5225736293,4681467.169798732,19,T
1698455548313727554,266,1698455548312981605,GPS1_Frame,42.267648333333334,-71.016535,15.9,333693.6972663803,4681462.445925316,19,T
1698455549317218123,267,1698455549314523220,GPS1_Frame,42.267603333333334,-71.016585,15.7,333689.4551978757,4681457.5467520235,19,T
1698455550316288704,268,1698455550313951969,GPS1_Frame,42.267554999999994,-71.01663666666667,15.5,333685.0668997377,4681452.28070085,19,T
1698455551319268420,269,1698455551316829681,GPS1_Frame,42.26750666666667,-71.01669166666667,15.4,333680.40367916634,4681447.021163302,19,T
1698455552313674846,270,1698455552312874794,GPS1_Frame,42.267456666666675,-71.01674833333333,15.3,333675.5986104357,4681441.57981643,19,T
1698455553311258058,271,1698455553309767007,GPS1_Frame,42.26740333333334,-71.01680666666667,15.3,333670.6473095203,4681435.771592649,19,T
1698455554316446762,272,1698455554315071582,GPS1_Frame,42.26735166666667,-71.01686833333333,15.2,333665.42546737497,4681430.154951626,19,T
1698455555310226558,273,1698455555308825492,GPS1_Frame,42.26729666666667,-71.01693166666668,15.3,333660.05739137286,4681424.171434471,19,T
1698455556311875612,274,1698455556309950113,GPS1_Frame,42.26724166666666,-71.01700000000001,15.3,333654.2769306486,4681418.19768923,19,T
1698455557313313880,275,1698455557311739683,GPS1_Frame,42.267186666666674,-71.01707333333334,14.9,333648.08408412046,4681412.233716892,19,T
1698455558313427067,276,1698455558311257839,GPS1_Frame,42.267129999999995,-71.01715166666666,14.6,333641.4744666443,4681406.094450655,19,T
1698455559315139245,277,1698455559313240051,GPS1_Frame,42.267073333333336,-71.01723166666667,14.5,333634.7273787565,4681399.958446748,19,T
1698455560312758332,278,1698455560311316728,GPS1_Frame,42.26701666666666,-71.01731833333334,14.3,333627.4304428502,4681393.835475105,19,T
1698455561315783739,279,1698455561313168287,GPS1_Frame,42.266956666666665,-71.01741,14.1,333619.71234741615,4681387.352145018,19,T
1698455562319265936,280,1698455562317309141,GPS1_Frame,42.266893333333336,-71.01750666666666,13.9,333611.5730901131,4681380.508457817,19,T
1698455563316747619,281,1698455563314889430,GPS1_Frame,42.26682833333333,-71.01760666666668,13.8,333603.15451298095,4681373.4862257745,19,T
1698455564316009943,282,1698455564314540386,GPS1_Frame,42.26676333333333,-71.01770833333333,13.6,333594.59845941316,4681366.467260562,19,T
1698455565313024967,283,1698455565311587572,GPS1_Frame,42.26669666666667,-71.01781166666666,13.4,333585.9005435243,4681359.266494814,19,T
1698455566313661381,284,1698455566312029361,GPS1_Frame,42.26662833333333,-71.01791333333334,13.4,333577.33568407025,4681351.877414069,19,T
1698455567314508033,285,1698455567312264919,GPS1_Frame,42.26656500000001,-71.01801166666668,13.4,333569.0588844816,4681345.0370316105,19,T
1698455568326292667,286,1698455568312098264,GPS1_Frame,42.266508333333334,-71.0181,13.5,333561.62437432044,4681338.917383193,19,T
1698455569310593259,287,1698455569309976816,GPS1_Frame,42.26645666666666,-71.01818666666667,13.4,333554.34047029854,4681333.349687963,19,T
1698455570330324004,288,1698455570328625202,GPS1_Frame,42.266408333333324,-71.01827666666667,13.5,333546.7904067469,4681328.158651824,19,T
1698455571313257396,289,1698455571310951471,GPS1_Frame,42.26635666666666,-71.01837,13.7,333538.9566375931,4681322.604004245,19,T
1698455572314060177,290,1698455572311463594,GPS1_Frame,42.266303333333326,-71.018465,14.1,333530.9810084546,4681316.867555607,19,T
1698455573317977243,291,1698455573314598083,GPS1_Frame,42.266245,-71.01856166666667,14.5,333522.8547442724,4681310.579170674,19,T
1698455574315673328,292,1698455574313555002,GPS1_Frame,42.26618499999999,-71.01865500000001,15.0,333514.9990000345,4681304.099209583,19,T
1698455575313533813,293,1698455575311767816,GPS1_Frame,42.266124999999995,-71.01874833333333,15.4,333507.14324132266,4681297.619256924,19,T
1698455576314114302,294,1698455576311807394,GPS1_Frame,42.266065,-71.01883833333333,15.9,333499.5623904562,4681291.132794758,19,T
1698455577316671944,295,1698455577313496828,GPS1_Frame,42.26600666666666,-71.01892500000001,16.3,333492.260836047,4681284.824890062,19,T
1698455578331623281,296,1698455578329399585,GPS1_Frame,42.26595166666666,-71.01901,16.9,333485.10550600634,4681278.883869083,19,T
1698455579314830202,297,1698455579312483310,GPS1_Frame,42.26589666666667,-71.01909,17.4,333478.36254847056,4681272.933076971,19,T
1698455580315929909,298,1698455580314058065,GPS1_Frame,42.265845000000006,-71.019165,18.1,333472.0407411912,4681267.342648255,19,T
1698455581316372182,299,1698455581314935207,GPS1_Frame,42.26579666666667,-71.01923333333335,18.8,333466.2775478847,4681262.109322238,19,T
1698455582316393500,300,1698455582314522266,GPS1_Frame,42.265753333333336,-71.019295,19.5,333461.0773592963,4681257.418165447,19,T
1698455583317891857,301,1698455583314608335,GPS1_Frame,42.26571666666667,-71.01934666666666,19.9,333456.7194903111,4681253.44772495,19,T
1698455584317352979,302,1698455584316266536,GPS1_Frame,42.265685,-71.01938833333334,20.4,333453.1995548748,4681250.012931405,19,T
1698455585317446318,303,1698455585314871311,GPS1_Frame,42.265665000000006,-71.01941666666667,20.7,333450.8100345936,4681247.8475351725,19,T
1698455586318130034,304,1698455586315708398,GPS1_Frame,42.26565166666666,-71.01943333333334,20.9,333449.4003030124,4681246.399591546,19,T
1698455587318109024,305,1698455587316286802,GPS1_Frame,42.26564666666666,-71.01944,21.1,333448.8372880046,4681245.857427737,19,T
1698455588315904713,306,1698455588314105749,GPS1_Frame,42.26564666666666,-71.01944,21.0,333448.8372880046,4681245.857427737,19,T
1698455589316860227,307,1698455589313841581,GPS1_Frame,42.26564666666666,-71.01944,21.0,333448.8372880046,4681245.857427737,19,T
1698455590317937859,308,1698455590315222978,GPS1_Frame,42.26564666666666,-71.01944,21.0,333448.8372880046,4681245.857427737,19,T
1698455591316960558,309,1698455591313938140,GPS1_Frame,42.26564666666666,-71.01944,21.0,333448.8372880046,4681245.857427737,19,T
1698455592318365665,310,1698455592315471649,GPS1_Frame,42.26564666666666,-71.01944,21.0,333448.8372880046,4681245.857427737,19,T
1698455593316534945,311,1698455593313924312,GPS1_Frame,42.26564666666666,-71.01944,21.1,333448.8372880046,4681245.857427737,19,T
1698455594315283722,312,1698455594314102172,GPS1_Frame,42.26564333333334,-71.01944333333333,21.2,333448.553586007,4681245.49381193,19,T
1698455595311324234,313,1698455595310539007,GPS1_Frame,42.26563666666666,-71.01945333333333,21.3,333447.71125772677,4681244.773100254,19,T
1698455596318217482,314,1698455596314828395,GPS1_Frame,42.265620000000006,-71.01947166666667,21.5,333446.1552848183,4681242.958281523,19,T
1698455597316012898,315,1698455597314595937,GPS1_Frame,42.26559666666667,-71.01950166666667,21.6,333443.6195197458,4681240.426011926,19,T
1698455598314923993,316,1698455598314049720,GPS1_Frame,42.265565,-71.01954500000001,21.7,333439.96210928354,4681236.994484744,19,T
1698455599321967757,317,1698455599318457603,GPS1_Frame,42.265526666666666,-71.01960000000001,21.7,333435.32490199455,4681232.845509302,19,T
1698455600317612815,318,1698455600315815210,GPS1_Frame,42.265483333333336,-71.01966166666666,21.7,333430.12467142043,4681228.154374417,19,T
1698455601321133517,319,1698455601317082643,GPS1_Frame,42.265440000000005,-71.01972833333333,21.8,333424.51204635954,4681223.4730244,19,T
1698455602319328943,320,1698455602316510438,GPS1_Frame,42.265395000000005,-71.01979666666666,22.0,333418.7575615371,4681218.609871353,19,T
1698455603320539901,321,1698455603316964149,GPS1_Frame,42.265346666666666,-71.01987166666666,22.3,333412.44443821,4681213.389629645,19,T
1698455604319063319,322,1698455604316797971,GPS1_Frame,42.26529333333333,-71.01995000000001,22.6,333405.843209845,4681207.620711378,19,T
1698455605318653241,323,1698455605316926479,GPS1_Frame,42.265235,-71.02003166666667,22.8,333398.95387426193,4681201.303117309,19,T
1698455606315556109,324,1698455606314563274,GPS1_Frame,42.26517333333333,-71.02011333333333,23.1,333392.0557457063,4681194.615394026,19,T
1698455607312357939,325,1698455607311451435,GPS1_Frame,42.26511000000001,-71.02019833333334,23.5,333384.8782871475,4681187.74913168,19,T
1698455608313018561,326,1698455608310955047,GPS1_Frame,42.26504333333334,-71.02028333333332,23.8,333377.69203331403,4681180.512740664,19,T
1698455609315912303,327,1698455609313735723,GPS1_Frame,42.26497500000001,-71.02037166666668,24.0,333370.2264469055,4681173.097811681,19,T
1698455610312909998,328,1698455610311912298,GPS1_Frame,42.264905,-71.02046166666668,24.1,333362.6189901735,4681165.501084007,19,T
1698455611317467463,329,1698455611314683914,GPS1_Frame,42.264831666666666,-71.02055333333332,24.0,333354.8652708229,4681157.537490248,19,T
1698455612309621665,330,1698455612308984756,GPS1_Frame,42.26475833333334,-71.02064999999999,24.0,333346.69914209365,4681149.583690268,19,T
1698455613313978999,331,1698455613310982465,GPS1_Frame,42.26468,-71.02074999999999,24.0,333338.24489168345,4681141.081219934,19,T
1698455614313590210,332,1698455614311921119,GPS1_Frame,42.26460166666667,-71.02085333333333,23.9,333329.5156923614,4681132.585283706,19,T
1698455615311632052,333,1698455615311016798,GPS1_Frame,42.26452166666666,-71.02096,23.5,333320.50715097913,4681123.910814752,19,T
1698455616317202800,334,1698455616314460277,GPS1_Frame,42.264436666666676,-71.02106833333333,23.0,333311.34794581763,4681114.684415902,19,T
1698455617315316733,335,1698455617313662528,GPS1_Frame,42.264358333333334,-71.02117666666666,22.6,333302.20628725964,4681106.198299727,19,T
1698455618311680895,336,1698455618310838937,GPS1_Frame,42.26427666666667,-71.02128666666667,22.0,333292.918356108,4681097.34532218,19,T
1698455619312643849,337,1698455619311090946,GPS1_Frame,42.26419333333333,-71.021395,21.0,333283.7634739942,4681088.3040254535,19,T
1698455620316377146,338,1698455620313926696,GPS1_Frame,42.264108333333326,-71.02150166666667,20.0,333274.74164078117,4681079.07440903,19,T
1698455621337141525,339,1698455621336140394,GPS1_Frame,42.26402666666666,-71.02160666666667,19.2,333265.8660368198,4681070.211675863,19,T
1698455622319972120,340,1698455622318056821,GPS1_Frame,42.263945,-71.02170666666666,18.3,333257.40280815365,4681061.339162637,19,T
1698455623316414789,341,1698455623313145875,GPS1_Frame,42.26386666666667,-71.02180833333334,17.8,333248.81088031165,4681052.840058487,19,T
1698455624313198956,342,1698455624311410665,GPS1_Frame,42.263785000000006,-71.02190999999999,17.1,333240.21014368517,4681043.97082872,19,T
1698455625315180553,343,1698455625314213514,GPS1_Frame,42.263703333333325,-71.022015,16.4,333231.3344530219,4681035.108137124,19,T
1698455626315922988,344,1698455626314004659,GPS1_Frame,42.26361833333333,-71.02212,15.8,333222.4499511174,4681025.875320588,19,T
1698455627313484515,345,1698455627312744140,GPS1_Frame,42.263535000000005,-71.02222333333334,15.4,333213.7072877157,4681016.824318146,19,T
1698455628316897281,346,1698455628314463138,GPS1_Frame,42.26345166666667,-71.02232333333333,15.1,333205.2395358923,4681007.766796917,19,T
1698455629333958847,347,1698455629331934213,GPS1_Frame,42.26337166666667,-71.02242500000001,14.8,333196.6430859892,4680999.0826857425,19,T
1698455630316106229,348,1698455630314428329,GPS1_Frame,42.26329166666666,-71.022525,14.6,333188.1840823579,4680990.395319692,19,T
1698455631317295122,349,1698455631314939498,GPS1_Frame,42.263209999999994,-71.02262833333333,14.3,333179.44572767685,4680981.529425648,19,T
1698455632312814681,350,1698455632312017202,GPS1_Frame,42.263128333333334,-71.02273,14.2,333170.844818837,4680972.660276734,19,T
1698455633311121031,351,1698455633309457302,GPS1_Frame,42.26304833333334,-71.022835,14.2,333161.97334916884,4680963.98273643,19,T
1698455634315183423,352,1698455634312773227,GPS1_Frame,42.262969999999996,-71.02294166666667,14.1,333152.96878621785,4680955.493540178,19,T
1698455635319839340,353,1698455635316158056,GPS1_Frame,42.26289666666666,-71.02305333333334,14.0,333143.5649870334,4680947.569355582,19,T
1698455636310521084,354,1698455636308693408,GPS1_Frame,42.26282500000001,-71.02316666666667,14.1,333134.0280952158,4680939.833516786,19,T
1698455637313706600,355,1698455637310928583,GPS1_Frame,42.262755,-71.02328000000001,14.3,333124.4955794167,4680932.282758225,19,T
1698455638318825330,356,1698455638316569089,GPS1_Frame,42.26268666666667,-71.023395,14.4,333114.82997181173,4680924.9203461865,19,T
1698455639312796076,357,1698455639311052560,GPS1_Frame,42.26261833333333,-71.02350833333334,14.5,333105.30181256286,4680917.5546804685,19,T
1698455640316842633,358,1698455640313212394,GPS1_Frame,42.26255,-71.02362,14.6,333095.9111021229,4680910.185760527,19,T
1698455641316189905,359,1698455641314796686,GPS1_Frame,42.26248166666666,-71.02372666666666,14.8,333086.93277893437,4680902.807052154,19,T
1698455642317389581,360,1698455642314024209,GPS1_Frame,42.26241666666667,-71.02383,14.9,333078.2381715722,4680895.791956405,19,T
1698455643312108512,361,1698455643309521913,GPS1_Frame,42.26235666666666,-71.02392833333333,15.0,333069.96914988116,4680889.322272917,19,T
1698455644320367914,362,1698455644316476345,GPS1_Frame,42.262296666666664,-71.02402166666667,15.1,333062.1125211327,4680882.842796871,19,T
1698455645314884125,363,1698455645312899351,GPS1_Frame,42.262238333333336,-71.024115,15.2,333054.26027670316,4680876.548397056,19,T
1698455646317727338,364,1698455646314619064,GPS1_Frame,42.262181666666656,-71.02420833333333,15.3,333046.4124171805,4680870.439073464,19,T
1698455647318051187,365,1698455647316904306,GPS1_Frame,42.26212666666667,-71.024305,15.6,333038.29400361795,4680864.521361611,19,T
1698455648314117235,366,1698455648312833547,GPS1_Frame,42.262071666666664,-71.02440833333334,15.5,333029.62569670443,4680858.616730473,19,T
1698455649317614752,367,1698455649316734790,GPS1_Frame,42.26201833333333,-71.02451666666666,15.6,333020.54936465767,4680852.906981739,19,T
1698455650318388712,368,1698455650315991878,GPS1_Frame,42.261965,-71.02463166666666,15.4,333010.923137102,4680847.210317468,19,T
1698455651316616592,369,1698455651314406394,GPS1_Frame,42.261915,-71.02474833333333,15.2,333001.16822365683,4680841.887070048,19,T
1698455652314434348,370,1698455652313689708,GPS1_Frame,42.26186666666668,-71.02486666666667,15.1,332991.280225095,4680836.752172244,19,T
1698455653319592241,371,1698455653317265987,GPS1_Frame,42.26181833333333,-71.02498666666666,14.9,332981.25474120385,4680831.620556832,19,T
1698455654317229831,372,1698455654314066410,GPS1_Frame,42.26177166666666,-71.02510166666666,14.8,332971.64605479233,4680826.664216003,19,T
1698455655315056434,373,1698455655313458204,GPS1_Frame,42.26173000000001,-71.02520666666666,14.7,332962.87538172916,4680822.243476041,19,T
1698455656316183540,374,1698455656314934968,GPS1_Frame,42.26169166666667,-71.0253,14.7,332955.0757950804,4680818.169996736,19,T
1698455657318997591,375,1698455657315903902,GPS1_Frame,42.261655000000005,-71.025385,14.7,332947.9679546992,4680814.265246128,19,T
1698455658320330123,376,1698455658318032741,GPS1_Frame,42.26161999999999,-71.02547,14.7,332940.8645079062,4680810.545570299,19,T
1698455659319097441,377,1698455659315703392,GPS1_Frame,42.26159333333333,-71.02556166666666,14.7,332933.2331789476,4680807.76431954,19,T
1698455660316931089,378,1698455660315720558,GPS1_Frame,42.261565000000004,-71.02565666666666,14.8,332925.322499505,4680804.804548977,19,T
1698455661317436386,379,1698455661315205335,GPS1_Frame,42.261535,-71.02575333333333,15.0,332917.26993966405,4680801.662989435,19,T
1698455662315124008,380,1698455662313133716,GPS1_Frame,42.26149999999999,-71.02585166666667,15.2,332909.06669358583,4680797.96950579,19,T
1698455663311704180,381,1698455663309780836,GPS1_Frame,42.26146000000001,-71.02595166666667,15.4,332900.7127591459,4680793.72409852,19,T
1698455664318133302,382,1698455664316750049,GPS1_Frame,42.26141500000001,-71.02605833333334,15.6,332891.79572013824,4680788.936579842,19,T
1698455665314865106,383,1698455665314264774,GPS1_Frame,42.26137000000001,-71.02617333333333,15.9,332882.19131146907,4680784.165425969,19,T
1698455666314388375,384,1698455666312480449,GPS1_Frame,42.26132166666666,-71.02629333333333,16.2,332872.16566781764,4680779.033962165,19,T
1698455667316539740,385,1698455667314187526,GPS1_Frame,42.26127499999999,-71.02641666666666,16.5,332861.8694694965,4680774.094122397,19,T
1698455668317998914,386,1698455668315548181,GPS1_Frame,42.261226666666666,-71.02654000000001,16.8,332851.5688522012,4680768.969229542,19,T
1698455669316154496,387,1698455669314231634,GPS1_Frame,42.26117666666667,-71.02666333333333,17.1,332841.2638151498,4680763.659283598,19,T
1698455670318690388,388,1698455670315504550,GPS1_Frame,42.26112666666666,-71.02678833333333,17.4,332830.82129008294,4680758.352624117,19,T
1698455671333939035,389,1698455671332202911,GPS1_Frame,42.261075,-71.02691499999999,17.7,332820.23687188583,4680752.864183914,19,T
1698455672317734010,390,1698455672314297914,GPS1_Frame,42.261025000000004,-71.027045,17.9,332809.38189733017,4680747.567371357,19,T
1698455673312576288,391,1698455673312135219,GPS1_Frame,42.26097333333334,-71.02717666666668,18.2,332798.38502820587,4680742.088779731,19,T
1698455674320451720,392,1698455674316719532,GPS1_Frame,42.260921666666675,-71.02731,18.4,332787.2506689558,4680736.613477465,19,T
1698455675316856861,393,1698455675313676357,GPS1_Frame,42.26087166666666,-71.02744166666666,18.7,332776.2581702193,4680731.319987366,19,T
1698455676315870875,394,1698455676313687562,GPS1_Frame,42.260825000000004,-71.02757333333334,19.0,332765.27446673065,4680726.396649625,19,T
1698455677318597698,395,1698455677315387248,GPS1_Frame,42.26078166666666,-71.02770166666666,19.4,332754.5745056454,4680721.836917766,19,T
1698455678317597619,396,1698455678314889669,GPS1_Frame,42.260741666666675,-71.02782499999999,19.8,332744.29576200165,4680717.637517127,19,T
1698455679335878521,397,1698455679333323478,GPS1_Frame,42.26070333333334,-71.02794666666667,20.1,332734.1588853885,4680713.619925362,19,T
1698455680316351093,398,1698455680314961671,GPS1_Frame,42.260665,-71.02806666666667,20.4,332724.1594695898,4680709.599074091,19,T
1698455681316414477,399,1698455681314893245,GPS1_Frame,42.26062833333334,-71.02818833333335,20.7,332714.0269762322,4680705.766578554,19,T
1698455682319574811,400,1698455682317096471,GPS1_Frame,42.26059,-71.02831166666667,21.2,332703.75259030197,4680701.752303749,19,T
1698455683318835307,401,1698455683316080093,GPS1_Frame,42.260551666666665,-71.02843333333334,21.8,332693.6156652628,4680697.73476924,19,T
1698455684316536183,402,1698455684313812017,GPS1_Frame,42.260515000000005,-71.02855166666667,22.0,332683.75808298774,4680693.895767637,19,T
1698455685320415472,403,1698455685317259073,GPS1_Frame,42.26047833333334,-71.02866666666667,22.4,332674.17543617915,4680690.050229993,19,T
1698455686319416696,404,1698455686317211866,GPS1_Frame,42.26044333333333,-71.028775,22.8,332665.1470810524,4680686.376673066,19,T
1698455687314720360,405,1698455687313635826,GPS1_Frame,42.26041166666667,-71.02887333333334,23.2,332656.95237530745,4680683.053612317,19,T
1698455688318826319,406,1698455688316722393,GPS1_Frame,42.260385,-71.02895833333334,23.6,332649.8706778515,4680680.259562167,19,T
1698455689316132079,407,1698455689314717531,GPS1_Frame,42.26036333333333,-71.02903333333333,23.9,332643.6270444405,4680678.001070084,19,T
1698455690320563994,408,1698455690317435503,GPS1_Frame,42.26035166666667,-71.0291,24.0,332638.0972321207,4680676.836612771,19,T
1698455691315877187,409,1698455691314431190,GPS1_Frame,42.26035666666667,-71.02915666666667,24.2,332633.4363559575,4680677.503184241,19,T
1698455692317697404,410,1698455692315160989,GPS1_Frame,42.260380000000005,-71.02920666666667,24.3,332629.3738819488,4680680.192401982,19,T
1698455693320868667,411,1698455693317024469,GPS1_Frame,42.26042,-71.02925499999999,24.6,332625.49298275163,4680684.729024457,19,T
1698455694317884344,412,1698455694315689325,GPS1_Frame,42.26046833333333,-71.02930833333333,24.6,332621.22171804454,4680690.20081573,19,T
1698455695318536103,413,1698455695316318273,GPS1_Frame,42.26052500000001,-71.02936666666666,24.5,332616.5600905719,4680696.607776613,19,T
1698455696317145054,414,1698455696314712047,GPS1_Frame,42.26058833333333,-71.02943166666667,24.3,332611.3662200357,4680703.768116203,19,T
1698455697317619266,415,1698455697315262556,GPS1_Frame,42.26065833333334,-71.02950166666666,24.1,332605.77758285694,4680711.678559664,19,T
1698455698317533384,416,1698455698315709590,GPS1_Frame,42.260733333333334,-71.02957500000001,23.8,332599.9272446018,4680720.150763978,19,T
1698455699318031665,417,1698455699315566778,GPS1_Frame,42.26081333333333,-71.02965333333333,23.6,332593.67773506424,4680729.188006271,19,T
1698455700316820006,418,1698455700314812898,GPS1_Frame,42.260895,-71.029735,23.5,332587.1577080793,4680738.416875556,19,T
1698455701321065711,419,1698455701317783117,GPS1_Frame,42.260978333333334,-71.02982,23.5,332580.3671652691,4680747.837372641,19,T
1698455702320746186,420,1698455702317527770,GPS1_Frame,42.26106333333334,-71.02990666666666,23.6,332573.4435804219,4680757.446221567,19,T
1698455703318527297,421,1698455703316008806,GPS1_Frame,42.261145000000006,-71.02999333333334,23.3,332566.51119215967,4680766.684942334,19,T
1698455704320548254,422,1698455704317595958,GPS1_Frame,42.26122999999999,-71.03007833333332,22.9,332559.72511781927,4680776.2905291775,19,T
1698455705323259389,423,1698455705321510314,GPS1_Frame,42.261318333333335,-71.03016166666666,22.7,332553.0853579949,4680786.262981713,19,T
1698455706316623809,424,1698455706314569473,GPS1_Frame,42.261404999999996,-71.03025166666666,22.4,332545.8913201216,4680796.063482778,19,T
1698455707317130627,425,1698455707316396236,GPS1_Frame,42.26149333333333,-71.03034166666666,21.8,332538.7017152284,4680806.049059773,19,T
1698455708316827744,426,1698455708314764976,GPS1_Frame,42.261586666666666,-71.03043166666666,21.2,332531.52536888246,4680816.5898484085,19,T
1698455709315607173,427,1698455709313132047,GPS1_Frame,42.261675,-71.03051666666667,20.2,332524.74821924744,4680826.5656082155,19,T
1698455710313778824,428,1698455710312464714,GPS1_Frame,42.26175666666666,-71.03059833333333,19.2,332518.228379388,4680835.79454799,19,T
1698455711322616649,429,1698455711318848609,GPS1_Frame,42.261833333333335,-71.03067666666668,18.7,332511.97025905293,4680844.46173475,19,T
1698455712323164632,430,1698455712321419477,GPS1_Frame,42.26190499999999,-71.03075333333332,18.1,332505.83638535056,4680852.570445879,19,T
1698455713320734527,431,1698455713319087266,GPS1_Frame,42.261971666666675,-71.03083,17.5,332499.689286088,4680860.123959278,19,T
1698455714322681202,432,1698455714319554567,GPS1_Frame,42.26204166666666,-71.03090666666667,17.2,332493.5510274671,4680868.047614249,19,T
1698455715320168791,433,1698455715317808389,GPS1_Frame,42.26211166666667,-71.03098333333334,16.9,332487.4127830774,4680875.971275076,19,T
1698455716321997459,434,1698455716318295717,GPS1_Frame,42.26218666666667,-71.03106333333334,16.7,332481.0128552083,4680884.456702724,19,T
1698455717316983455,435,1698455717313770771,GPS1_Frame,42.26226499999999,-71.031145,16.7,332474.48430190014,4680893.315551312,19,T
1698455718313732463,436,1698455718312091350,GPS1_Frame,42.262345,-71.03123000000001,16.8,332467.6852411296,4680902.36603233,19,T
1698455719316001026,437,1698455719313335180,GPS1_Frame,42.262425,-71.03131833333333,16.9,332460.61126003694,4680911.423078733,19,T
1698455720315416362,438,1698455720314704656,GPS1_Frame,42.26250833333334,-71.03140833333333,17.0,332453.40865803265,4680920.853547913,19,T
1698455721317250219,439,1698455721315767765,GPS1_Frame,42.26259,-71.03149833333333,17.2,332446.2016610376,4680930.098957273,19,T
1698455722336612770,440,1698455722333127260,GPS1_Frame,42.26267166666666,-71.03158499999999,17.4,332439.269620827,4680939.3378156405,19,T
1698455723317808117,441,1698455723313935279,GPS1_Frame,42.262750000000004,-71.03166833333333,17.4,332432.603705807,4680948.199986376,19,T
1698455724315918287,442,1698455724313963174,GPS1_Frame,42.26282666666666,-71.03175,17.5,332426.07086096157,4680956.873816337,19,T
1698455725316306776,443,1698455725314447641,GPS1_Frame,42.26290166666666,-71.03182833333334,17.5,332419.80855339585,4680965.356025199,19,T
1698455726318671048,444,1698455726316270112,GPS1_Frame,42.262971666666665,-71.03190166666667,17.4,332413.9454180038,4680973.273196334,19,T
1698455727316348705,445,1698455727314700841,GPS1_Frame,42.26303333333333,-71.03196833333332,17.1,332408.6100878997,4680980.251912676,19,T
1698455728318470871,446,1698455728315429449,GPS1_Frame,42.26308666666667,-71.03202833333333,16.8,332403.8025592264,4680986.292172887,19,T
1698455729319220944,447,1698455729317125320,GPS1_Frame,42.26313333333333,-71.03207833333333,16.5,332399.80218006694,4680991.572483013,19,T
1698455730334915983,448,1698455730332704782,GPS1_Frame,42.26317666666667,-71.03212,16.3,332396.48031225934,4680996.466257791,19,T
1698455731319769695,449,1698455731317756652,GPS1_Frame,42.26322333333333,-71.03215833333334,16.3,332393.44221692573,4681001.723609209,19,T
1698455732320473747,450,1698455732317784547,GPS1_Frame,42.26328166666667,-71.03220166666667,16.2,332390.0226396224,4681008.286279106,19,T
1698455733320283512,451,1698455733317450046,GPS1_Frame,42.26334833333333,-71.032255,15.9,332385.8003488516,4681015.793974156,19,T
1698455734322482910,452,1698455734319926023,GPS1_Frame,42.263421666666666,-71.03231833333332,15.6,332380.7709323083,4681024.061628047,19,T
1698455735316862592,453,1698455735315632581,GPS1_Frame,42.26349666666667,-71.03239166666667,15.5,332374.92114385974,4681032.534038893,19,T
1698455736320387609,454,1698455736319522857,GPS1_Frame,42.26357500000001,-71.03247166666667,15.5,332368.53033741436,4681041.3897148315,19,T
1698455737322859062,455,1698455737320073843,GPS1_Frame,42.263655,-71.032555,15.6,332361.86903183744,4681050.437027298,19,T
1698455738320349290,456,1698455738319486618,GPS1_Frame,42.26373666666667,-71.03263833333334,15.8,332355.21216142,4681059.669414629,19,T
1698455739318923201,457,1698455739317345857,GPS1_Frame,42.26382,-71.03272166666667,16.0,332348.55972672894,4681069.086876833,19,T
1698455740323816738,458,1698455740320212364,GPS1_Frame,42.26390500000001,-71.03280833333334,16.3,332341.6367963748,4681078.695976953,19,T
1698455741320946718,459,1698455741318942308,GPS1_Frame,42.26398833333333,-71.032895,16.4,332334.70946754195,4681088.120016628,19,T
1698455742322824301,460,1698455742319889545,GPS1_Frame,42.26407166666666,-71.03298,16.6,332327.9196234958,4681097.540782001,19,T
1698455743321492771,461,1698455743319767475,GPS1_Frame,42.264153333333326,-71.03306500000001,16.7,332321.12537983456,4681106.776486643,19,T
1698455744317939704,462,1698455744317451477,GPS1_Frame,42.26423499999999,-71.03314666666667,16.8,332314.6060851234,4681116.0056343535,19,T
1698455745321575320,463,1698455745320468902,GPS1_Frame,42.264315,-71.03322833333333,17.1,332308.0823893363,4681125.049720777,19,T
1698455746319904627,464,1698455746318649530,GPS1_Frame,42.264395,-71.03330833333332,17.4,332301.6961758153,4681134.090531529,19,T
1698455747322020851,465,1698455747319347143,GPS1_Frame,42.26447499999999,-71.03338833333333,17.5,332295.30997929606,4681143.131348679,19,T
1698455748322401301,466,1698455748320244789,GPS1_Frame,42.26455333333333,-71.03347000000001,17.6,332288.78191587236,4681151.990386855,19,T
1698455749321957641,467,1698455749320815563,GPS1_Frame,42.26463333333333,-71.03355,17.7,332282.3957533535,4681161.03121693,19,T
1698455750322370696,468,1698455750318880319,GPS1_Frame,42.26471166666667,-71.03362999999999,17.9,332276.00518813956,4681169.886985433,19,T
1698455751321849242,469,1698455751319468259,GPS1_Frame,42.26478999999999,-71.03371166666668,17.9,332269.4771755042,4681178.746043311,19,T
1698455752324898351,470,1698455752321222305,GPS1_Frame,42.26487,-71.03379333333334,18.1,332262.953599925,4681187.790175827,19,T
1698455753319459978,471,1698455753317059278,GPS1_Frame,42.26495166666667,-71.03387500000001,18.2,332256.43446195323,4681197.019382983,19,T
1698455754319892075,472,1698455754316986083,GPS1_Frame,42.265033333333335,-71.03395666666667,18.3,332249.9153417016,4681206.24859681,19,T
1698455755321348499,473,1698455755319190979,GPS1_Frame,42.265115,-71.03404,18.4,332243.25877581467,4681215.481100824,19,T
1698455756318921714,474,1698455756318112611,GPS1_Frame,42.26519833333334,-71.03412333333334,18.6,332236.6066488221,4681224.898679766,19,T
1698455757317801155,475,1698455757316011667,GPS1_Frame,42.26528166666667,-71.03420833333332,18.5,332229.8170772882,4681234.319549443,19,T
1698455758319583557,476,1698455758317459821,GPS1_Frame,42.26536333333333,-71.03429166666666,18.7,332223.1605661772,4681243.552074408,19,T
1698455759319951672,477,1698455759317303657,GPS1_Frame,42.26544166666666,-71.03437000000001,18.8,332216.90761830745,4681252.404618122,19,T
1698455760319587675,478,1698455760317469358,GPS1_Frame,42.26551666666666,-71.03444666666665,19.0,332210.7833061208,4681260.88374778,19,T
1698455761319251764,479,1698455761318017959,GPS1_Frame,42.26559,-71.03451666666666,19.3,332205.204436778,4681269.164678092,19,T
1698455762318050397,480,1698455762315952539,GPS1_Frame,42.26566,-71.03458666666667,19.7,332199.61673735856,4681277.075477294,19,T
1698455763319047324,481,1698455763316758632,GPS1_Frame,42.26573166666667,-71.034655,19.9,332194.1709349989,4681285.168064885,19,T
1698455764318458388,482,1698455764316045045,GPS1_Frame,42.26580166666666,-71.03472833333333,20.1,332188.30833789206,4681293.085443051,19,T
1698455765325538363,483,1698455765323151350,GPS1_Frame,42.26587333333334,-71.034805,20.2,332182.1752533409,4681301.194464127,19,T
1698455766322504595,484,1698455766321627855,GPS1_Frame,42.265946666666665,-71.03488166666666,20.4,332176.0466059019,4681309.48855908,19,T
1698455767322710025,485,1698455767320664405,GPS1_Frame,42.26602166666667,-71.03496166666667,20.6,332169.6474733113,4681317.97429796,19,T
1698455768322860688,486,1698455768320367336,GPS1_Frame,42.26609666666666,-71.03504,20.8,332163.3858178693,4681326.45675807,19,T
1698455769324391798,487,1698455769321686267,GPS1_Frame,42.266169999999995,-71.03511499999999,21.2,332157.394677093,4681334.747585729,19,T
1698455770324157403,488,1698455770320983886,GPS1_Frame,42.26624166666667,-71.03518666666668,21.8,332151.67404951877,4681342.846780195,19,T
1698455771321568477,489,1698455771320578575,GPS1_Frame,42.26631166666666,-71.03525833333333,22.1,332145.9490122106,4681350.76091176,19,T
1698455772322844602,490,1698455772320021390,GPS1_Frame,42.26638333333334,-71.03532833333334,22.4,332140.36587237223,4681358.856830875,19,T
1698455773339952237,491,1698455773338338375,GPS1_Frame,42.26645499999999,-71.03540166666667,22.5,332134.50782497134,4681366.959326361,19,T
1698455774318978615,492,1698455774317286968,GPS1_Frame,42.266528333333326,-71.03547666666667,22.8,332128.51675510977,4681375.25018112,19,T
1698455775318433041,493,1698455775317800760,GPS1_Frame,42.26660333333333,-71.03555166666666,23.1,332122.5301239005,4681383.726109542,19,T
1698455776324647681,494,1698455776321240663,GPS1_Frame,42.266679999999994,-71.03562666666667,23.7,332116.5479318503,4681392.387111642,19,T
1698455777323118461,495,1698455777320125579,GPS1_Frame,42.26675333333333,-71.03570166666667,24.5,332110.55690631736,4681400.6779832635,19,T
1698455778321196740,496,1698455778319551467,GPS1_Frame,42.266821666666665,-71.03577,25.2,332105.1024603521,4681408.400510972,19,T
1698455779319756095,497,1698455779318593978,GPS1_Frame,42.26688333333333,-71.03583333333333,25.7,332100.0427065826,4681415.372911788,19,T
1698455780318876108,498,1698455780318199157,GPS1_Frame,42.266940000000005,-71.03589000000001,26.1,332095.51952630596,4681421.776966283,19,T
1698455781341516469,499,1698455781338183879,GPS1_Frame,42.266996666666664,-71.03595,26.5,332090.72143601056,4681428.187597238,19,T
1698455782319453031,500,1698455782318027257,GPS1_Frame,42.26705666666667,-71.03601499999999,26.8,332085.51982746087,4681434.978228106,19,T
1698455783323461094,501,1698455783320074558,GPS1_Frame,42.26712333333333,-71.036085,26.9,332079.92355320905,4681442.518995982,19,T
1698455784323604007,502,1698455784320894718,GPS1_Frame,42.26719666666666,-71.03616000000001,27.1,332073.9326164489,4681450.8099019285,19,T
1698455785324336238,503,1698455785322200536,GPS1_Frame,42.267273333333335,-71.03624166666667,27.0,332067.400710769,4681459.484098029,19,T
1698455786325253869,504,1698455786323398828,GPS1_Frame,42.267353333333325,-71.03632333333333,26.8,332060.8776732808,4681468.528436932,19,T
1698455787323075961,505,1698455787319999694,GPS1_Frame,42.26743333333334,-71.03640666666666,26.5,332054.2171948154,4681477.576069869,19,T
1698455788323289424,506,1698455788321085691,GPS1_Frame,42.267509999999994,-71.03648833333334,26.3,332047.6853398803,4681486.250286059,19,T
1698455789319635801,507,1698455789318832397,GPS1_Frame,42.26758499999999,-71.03656833333334,26.1,332041.2865332194,4681494.736153182,19,T
1698455790323818979,508,1698455790320976734,GPS1_Frame,42.26765999999999,-71.036645,25.9,332035.16265815607,4681503.21545116,19,T
1698455791321796988,509,1698455791319723844,GPS1_Frame,42.267738333333334,-71.03672333333334,25.6,332028.91019407206,4681512.068179079,19,T
1698455792322760088,510,1698455792320623397,GPS1_Frame,42.26782,-71.03680166666666,25.1,332022.6666000306,4681521.291049327,19,T
1698455793321879559,511,1698455793319752454,GPS1_Frame,42.267906666666676,-71.03688833333334,24.7,332015.7490176222,4681531.085570755,19,T
1698455794320161420,512,1698455794318580150,GPS1_Frame,42.267996666666676,-71.03698,24.4,332008.42793836736,4681541.260100798,19,T
1698455795324854282,513,1698455795321576595,GPS1_Frame,42.26808833333333,-71.03707333333334,24.4,332000.9738515911,4681551.622995795,19,T
1698455796323710731,514,1698455796321015834,GPS1_Frame,42.26818,-71.037165,24.4,331993.6572442549,4681561.982610888,19,T
1698455797320374343,515,1698455797319532632,GPS1_Frame,42.26826166666667,-71.03725,24.7,331986.86391800223,4681571.218670708,19,T
1698455798322547986,516,1698455798320813894,GPS1_Frame,42.26833333333334,-71.03732166666667,25.3,331981.14369277,4681579.318018082,19,T
1698455799323005549,517,1698455799320878744,GPS1_Frame,42.26839,-71.03737500000001,26.2,331976.89564615785,4681585.71557895,19,T
1698455800325072652,518,1698455800321995735,GPS1_Frame,42.26843166666666,-71.037415,26.8,331973.70740234724,4681590.4212174155,19,T
1698455801321125086,519,1698455801319683551,GPS1_Frame,42.26846333333333,-71.03743833333333,27.1,331971.86715386994,4681593.983558129,19,T
1698455802319002193,520,1698455802317426919,GPS1_Frame,42.26848333333334,-71.03744833333333,27.3,331971.09555726976,4681596.224109932,19,T
1698455803321953725,521,1698455803319105625,GPS1_Frame,42.26849833333334,-71.03745,27.3,331970.9979562495,4681597.893012096,19,T
1698455804320007393,522,1698455804317879438,GPS1_Frame,42.26851833333333,-71.03744499999999,27.2,331971.4634642508,4681600.103962373,19,T
1698455805321046036,523,1698455805318630456,GPS1_Frame,42.26854333333334,-71.03742666666668,27.2,331973.0419043575,4681602.843804714,19,T
1698455806321570476,524,1698455806318519115,GPS1_Frame,42.26856666666666,-71.037385,27.0,331976.5402972641,4681605.3525335,19,T
1698455807318088281,525,1698455807316912651,GPS1_Frame,42.26858666666667,-71.03732,26.7,331981.9542130211,4681607.445083424,19,T
1698455808324484144,526,1698455808321185588,GPS1_Frame,42.26860166666667,-71.03723666666666,26.5,331988.86685536616,4681608.94625693,19,T
1698455809320240102,527,1698455809317924499,GPS1_Frame,42.26861833333334,-71.03713666666665,26.3,331997.1584797088,4681610.599619509,19,T
1698455810323693552,528,1698455810321704864,GPS1_Frame,42.268634999999996,-71.03702666666666,26.1,332006.2748339877,4681612.233261399,19,T
1698455811321238409,529,1698455811320448875,GPS1_Frame,42.268655,-71.03690666666667,25.9,332016.22477187833,4681614.217322043,19,T
1698455812323244986,530,1698455812321155309,GPS1_Frame,42.26867833333334,-71.03678,25.7,332026.7333797678,4681616.558380891,19,T
1698455813323866157,531,1698455813321473360,GPS1_Frame,42.26870999999999,-71.03664833333333,25.5,332037.6764796697,4681619.8149325205,19,T
1698455814320744102,532,1698455814319967508,GPS1_Frame,42.26875,-71.03651333333333,25.3,332048.91661122645,4681623.990266394,19,T
1698455815322385298,533,1698455815320946693,GPS1_Frame,42.26879999999999,-71.03638,24.9,332060.04582951055,4681629.279313947,19,T
1698455816326134337,534,1698455816320880889,GPS1_Frame,42.268855,-71.03624833333333,24.4,332071.05085244856,4681635.126870176,19,T
1698455817322107813,535,1698455817320854902,GPS1_Frame,42.268915,-71.03611333333333,24.2,332082.344043175,4681641.523073695,19,T
1698455818324022133,536,1698455818321151018,GPS1_Frame,42.268978333333344,-71.03597833333333,23.9,332093.6460632039,4681648.289431074,19,T
1698455819322629965,537,1698455819320892810,GPS1_Frame,42.269041666666666,-71.03584000000001,23.6,332105.2229706783,4681655.049233127,19,T
1698455820324861473,538,1698455820322473526,GPS1_Frame,42.26910833333333,-71.03569999999999,23.3,332116.94615924766,4681662.175903672,19,T
1698455821325507779,539,1698455821323184013,GPS1_Frame,42.269175,-71.03555666666666,23.0,332128.9442326481,4681669.296021137,19,T
1698455822324993999,540,1698455822322498083,GPS1_Frame,42.269245,-71.03541166666668,22.7,332141.0885835497,4681676.783008926,19,T
1698455823322600058,541,1698455823320934772,GPS1_Frame,42.269313333333336,-71.035265,22.4,332153.3659386743,4681684.081663377,19,T
1698455824343660021,542,1698455824340683937,GPS1_Frame,42.26938499999999,-71.03512,22.1,332165.51466037444,4681691.753760183,19,T
1698455825322302989,543,1698455825321198701,GPS1_Frame,42.269455,-71.03497666666667,21.6,332177.52147815225,4681699.244094284,19,T
1698455826324756183,544,1698455826322499036,GPS1_Frame,42.26952500000001,-71.03483833333333,21.1,332189.1159085826,4681706.744302819,19,T
1698455827322763577,545,1698455827321117162,GPS1_Frame,42.26959166666667,-71.03470833333334,20.6,332200.0142008917,4681713.890816833,19,T
1698455828322461182,546,1698455828320775985,GPS1_Frame,42.26965833333334,-71.03458333333333,20.0,332210.50011029665,4681721.047200528,19,T
1698455829322713428,547,1698455829321193218,GPS1_Frame,42.269725,-71.03446166666666,19.5,332220.71109143936,4681728.210167837,19,T
1698455830320904932,548,1698455830318212032,GPS1_Frame,42.26978999999999,-71.03434,18.8,332230.9176298765,4681735.188081341,19,T
1698455831322243497,549,1698455831319005250,GPS1_Frame,42.26985666666666,-71.03422166666665,17.9,332240.85366315825,4681742.357645017,19,T
1698455832340133006,550,1698455832336766242,GPS1_Frame,42.26992166666667,-71.03410166666666,17.1,332250.92270771886,4681749.338870439,19,T
1698455833326290773,551,1698455833323802709,GPS1_Frame,42.26998666666667,-71.03398166666666,16.3,332260.9917320614,4681756.320109791,19,T
1698455834322873193,552,1698455834319511890,GPS1_Frame,42.27005333333333,-71.03386166666665,15.5,332271.0651568521,4681763.486431197,19,T
1698455835321966894,553,1698455835319517612,GPS1_Frame,42.27012333333334,-71.03373833333333,15.0,332281.42230664176,4681771.016336607,19,T
1698455836318336175,554,1698455836317165851,GPS1_Frame,42.27019666666667,-71.033615,14.6,332291.7882743478,4681778.916392987,19,T
1698455837324833411,555,1698455837321999549,GPS1_Frame,42.27027,-71.03349166666666,14.1,332302.1542186417,4681786.816464085,19,T
1698455838323657122,556,1698455838322329759,GPS1_Frame,42.27034666666667,-71.03337333333334,13.7,332312.11662285536,4681795.096533653,19,T
1698455839325585065,557,1698455839323791027,GPS1_Frame,42.270424999999996,-71.03326,13.4,332321.6710676061,4681803.5715318555,19,T
1698455840322806049,558,1698455840321292400,GPS1_Frame,42.270508333333325,-71.03315333333333,13.3,332330.6889404185,4681812.614875457,19,T
1698455841320231572,559,1698455841318242788,GPS1_Frame,42.27059333333333,-71.03305,13.1,332339.43630640383,4681821.849862184,19,T
1698455842321006238,560,1698455842318351507,GPS1_Frame,42.27068166666666,-71.03295499999999,12.8,332347.5052310637,4681831.471404647,19,T
1698455843324551897,561,1698455843320312023,GPS1_Frame,42.27077333333333,-71.03286499999999,12.5,332355.1706181564,4681841.4729371965,19,T
1698455844323273702,562,1698455844321002244,GPS1_Frame,42.270865,-71.03277666666666,12.2,332362.69853326574,4681851.477759175,19,T
1698455845324812609,563,1698455845323392868,GPS1_Frame,42.27095666666667,-71.03269166666668,12.2,332369.95152635884,4681861.489151562,19,T
1698455846327274062,564,1698455846324364185,GPS1_Frame,42.271049999999995,-71.032605,12.0,332377.3463679555,4681871.682337862,19,T
1698455847319159555,565,1698455847318418741,GPS1_Frame,42.27114166666667,-71.03251666666667,11.9,332384.8742212403,4681881.687182219,19,T
1698455848325656845,566,1698455848323558807,GPS1_Frame,42.27123333333334,-71.03242666666667,11.8,332392.5395038085,4681891.688753191,19,T
1698455849323695333,567,1698455849322366237,GPS1_Frame,42.271325,-71.03233666666667,11.8,332400.20476522646,4681901.6903320495,19,T
1698455850325494908,568,1698455850322481632,GPS1_Frame,42.27141833333334,-71.03224666666667,11.8,332407.8744227636,4681911.876986943,19,T
1698455851324439473,569,1698455851321857213,GPS1_Frame,42.27151166666666,-71.03215666666667,11.9,332415.54405877664,4681922.063649724,19,T
1698455852324810237,570,1698455852321303844,GPS1_Frame,42.27160166666666,-71.03207,11.7,332422.9299410287,4681931.886744908,19,T
1698455853321110508,571,1698455853319092273,GPS1_Frame,42.27169166666666,-71.03198333333333,11.7,332430.3158032989,4681941.709847409,19,T
1698455854320872586,572,1698455854320230007,GPS1_Frame,42.27178000000001,-71.03189833333333,11.8,332437.5597802087,4681951.351169205,19,T
1698455855324706490,573,1698455855321587562,GPS1_Frame,42.271865,-71.03181666666666,11.8,332444.52000785246,4681960.628921728,19,T
1698455856321220145,574,1698455856320723295,GPS1_Frame,42.27195,-71.03173833333334,11.9,332451.20532077766,4681969.913240498,19,T
1698455857324826446,575,1698455857323285102,GPS1_Frame,42.27203666666666,-71.031665,12.1,332457.4826878776,4681979.392472678,19,T
1698455858319446679,576,1698455858319003582,GPS1_Frame,42.27212333333333,-71.03159666666667,12.2,332463.3476944828,4681988.881549052,19,T
1698455859326160188,577,1698455859323041439,GPS1_Frame,42.27221333333333,-71.031535,12.4,332468.6717259698,4681998.753884512,19,T
1698455860324160769,578,1698455860322216749,GPS1_Frame,42.272305,-71.03147666666668,12.6,332473.7252636421,4682008.817850797,19,T
1698455861326081879,579,1698455861325145483,GPS1_Frame,42.27239833333333,-71.031425,12.7,332478.2334133714,4682019.080006102,19,T
1698455862322996714,580,1698455862322304725,GPS1_Frame,42.272491666666674,-71.031375,12.8,332482.6041036571,4682029.345443376,19,T
1698455863324866301,581,1698455863323514223,GPS1_Frame,42.27258666666667,-71.03132833333333,13.0,332486.7043034013,4682039.802509766,19,T
1698455864325709259,582,1698455864322924613,GPS1_Frame,42.272681666666664,-71.03128333333333,13.0,332490.667045154,4682050.262857511,19,T
1698455865324907249,583,1698455865323698997,GPS1_Frame,42.27277666666667,-71.03124333333334,13.0,332494.217436209,4682060.733044562,19,T
1698455866321418084,584,1698455866320555210,GPS1_Frame,42.27287,-71.03120166666666,13.1,332497.9008491382,4682071.014886071,19,T
1698455867328599252,585,1698455867326317310,GPS1_Frame,42.27295833333333,-71.03115833333332,13.2,332501.70845351316,4682080.73824587,19,T
1698455868324587213,586,1698455868323547363,GPS1_Frame,42.273045,-71.03111166666666,13.3,332505.7865254942,4682090.269981631,19,T
1698455869326687969,587,1698455869324769735,GPS1_Frame,42.27312833333334,-71.03106166666666,13.4,332510.1306493967,4682099.425025614,19,T
1698455870322159565,588,1698455870321361780,GPS1_Frame,42.27320833333333,-71.03100666666666,13.7,332514.87827046297,4682108.200099574,19,T
1698455871323137823,589,1698455871322050571,GPS1_Frame,42.27328333333333,-71.03094666666667,14.1,332520.02497319895,4682116.410136112,19,T
1698455872325409172,590,1698455872323037862,GPS1_Frame,42.27335333333334,-71.030885,14.6,332525.29586643877,4682124.0616930965,19,T
1698455873324023505,591,1698455873322123050,GPS1_Frame,42.27341666666666,-71.03082500000001,14.9,332530.4116460064,4682130.976259459,19,T
1698455874341950170,592,1698455874340291261,GPS1_Frame,42.273469999999996,-71.03076666666666,15.2,332535.3634853773,4682136.783698517,19,T
1698455875321793883,593,1698455875320519447,GPS1_Frame,42.27351999999999,-71.030715,15.4,332539.7567083882,4682142.234117444,19,T
1698455876319306036,594,1698455876317363977,GPS1_Frame,42.27357,-71.03066166666667,15.3,332544.2873697022,4682147.681260811,19,T
